{
  "10": {
    "row": 1,
    "col": 0,
    "top": 1,
    "bottom": -1,
    "left": 0,
    "right": 1,
    "x": 0.27777777777777773,
    "y": 0.3888888888888889,
    "topLeftCorner": {
      "x": 0,
      "y": 0.2777777777777778
    }
  },
  "11": {
    "row": 1,
    "col": 1,
    "top": -1,
    "bottom": 1,
    "left": -1,
    "right": 1,
    "x": 0.611111111111111,
    "y": 0.611111111111111,
    "topLeftCorner": {
      "x": 0.3333333333333333,
      "y": 0.3333333333333333
    }
  },
  "12": {
    "row": 1,
    "col": 2,
    "top": 1,
    "bottom": 1,
    "left": -1,
    "right": 0,
    "x": 0.8333333333333334,
    "y": 0.5,
    "topLeftCorner": {
      "x": 0.6666666666666666,
      "y": 0.2777777777777778
    }
  },
  "20": {
    "row": 2,
    "col": 0,
    "top": 1,
    "bottom": 0,
    "left": 0,
    "right": -1,
    "x": 0.16666666666666666,
    "y": 0.7222222222222222,
    "topLeftCorner": {
      "x": 0,
      "y": 0.611111111111111
    }
  },
  "21": {
    "row": 2,
    "col": 1,
    "top": -1,
    "bottom": 0,
    "left": 1,
    "right": -1,
    "x": 0.3888888888888889,
    "y": 0.8333333333333334,
    "topLeftCorner": {
      "x": 0.2777777777777778,
      "y": 0.6666666666666666
    }
  },
  "22": {
    "row": 2,
    "col": 2,
    "top": -1,
    "bottom": 0,
    "left": 1,
    "right": 0,
    "x": 0.7222222222222222,
    "y": 0.8333333333333334,
    "topLeftCorner": {
      "x": 0.611111111111111,
      "y": 0.6666666666666666
    }
  },
  "00": {
    "row": 0,
    "col": 0,
    "top": 0,
    "bottom": -1,
    "left": 0,
    "right": -1,
    "x": 0.16666666666666666,
    "y": 0.16666666666666666,
    "topLeftCorner": {
      "x": 0,
      "y": 0
    }
  },
  "01": {
    "row": 0,
    "col": 1,
    "top": 0,
    "bottom": 1,
    "left": 1,
    "right": -1,
    "x": 0.3888888888888889,
    "y": 0.27777777777777773,
    "topLeftCorner": {
      "x": 0.2777777777777778,
      "y": 0
    }
  },
  "02": {
    "row": 0,
    "col": 2,
    "top": 0,
    "bottom": -1,
    "left": 1,
    "right": 0,
    "x": 0.7222222222222222,
    "y": 0.16666666666666666,
    "topLeftCorner": {
      "x": 0.611111111111111,
      "y": 0
    }
  },
  "overview": {
    "height": 640,
    "width": 640,
    "horizontalPieces": "3",
    "verticalPieces": "3"
  }
}